{
  "LogisticRegression": {
    "model": "LogisticRegression",
    "mean_PR_AUC": 0.061528927779632994,
    "std_PR_AUC": 0.011937156330113373,
    "mean_ROC_AUC": 0.5929177987870573,
    "mean_Brier": 0.23965515755813147,
    "mean_threshold": 0.597983096226406
  },
  "RandomForest": {
    "model": "RandomForest",
    "mean_PR_AUC": 0.1622701846157867,
    "std_PR_AUC": 0.020843644517276164,
    "mean_ROC_AUC": 0.7890705029639864,
    "mean_Brier": 0.13014708603090108,
    "mean_threshold": 0.6162534462440009
  },
  "XGBoost": {
    "model": "XGBoost",
    "mean_PR_AUC": 0.14489790601078129,
    "std_PR_AUC": 0.02926886885413112,
    "mean_ROC_AUC": 0.771680057630485,
    "mean_Brier": 0.10526563748717307,
    "mean_threshold": 0.6308258771896362
  },
  "LightGBM": {
    "model": "LightGBM",
    "mean_PR_AUC": 0.1393942649458051,
    "std_PR_AUC": 0.0314778011809873,
    "mean_ROC_AUC": 0.7632257557697504,
    "mean_Brier": 0.11804256386076502,
    "mean_threshold": 0.6315690723939886
  }
}